{
    "obs_count": 50001,
    "obs_mean": [
        0.004528617246716128,
        -1.3015423452364732,
        0.7384199708272065,
        -1.5691441921124505,
        -0.009933514737429804,
        0.005356628428298224,
        0.2698027570078196,
        0.0897073680423754,
        0.7570830796240403,
        0.2695282757817127,
        0.08798999889719687,
        0.7571884798886805,
        0.2686433583803061,
        0.08832105737291722,
        0.7566185812090115,
        0.07295921491246411,
        0.00027541374322402775,
        0.5675039959175018,
        0.26966276061638017,
        0.089776771094877,
        0.7570904288983121
    ],
    "obs_var": [
        0.8227441108312639,
        0.024198149510381652,
        0.1869337836370937,
        3.442236095380871,
        3.397655874385936,
        3.390526528820868,
        0.0390828914654487,
        0.09683534413281537,
        0.02882801504937481,
        0.0353855092498904,
        0.09284707991523854,
        0.026425626236480954,
        0.03252380187577426,
        0.09044945272508101,
        0.021446815492029505,
        0.0031026625978136783,
        0.007860591424635053,
        0.00031038637503446605,
        0.03956937263151526,
        0.09744735314855257,
        0.029204085120711997
    ],
    "obs_m2": [
        41138.02828567402,
        1209.931673668593,
        9346.876115638323,
        172115.24700513892,
        169886.19137517118,
        169529.71696757223,
        1954.1836561639007,
        4841.864041984902,
        1441.4295804837898,
        1769.3108480037702,
        4642.446842841842,
        1321.307737450284,
        1626.2226175905887,
        4522.563085706775,
        1072.3622214169673,
        155.13623255328173,
        393.03743182317726,
        15.519629138098338,
        1978.5082009483945,
        4872.465104780777,
        1460.2334601207206
    ]
}