{
    "obs_count": 50001,
    "obs_mean": [
        0.004529155450429846,
        -1.3015424322742015,
        0.7384199927361537,
        -1.569143989056156,
        -0.009932425882428922,
        0.005356298594181967,
        0.26809356590857797,
        0.08950815527734698,
        0.757011119004414,
        0.2679811738521687,
        0.08794060465910464,
        0.7571304654112649,
        0.2673516894767844,
        0.08819794357577743,
        0.7566340750181096,
        0.07267934995773079,
        0.0003503956939138567,
        0.5674725957940446,
        0.26797073269497784,
        0.0895153034938088,
        0.7570570074078475
    ],
    "obs_var": [
        0.8227456298614675,
        0.024198210859086203,
        0.18693432024593606,
        3.4422403568982194,
        3.3976662709550562,
        3.3905284571237417,
        0.03901054424203073,
        0.09746362110745839,
        0.02885401919932973,
        0.035238487341455106,
        0.09347799179528356,
        0.02649740562872729,
        0.03244360286783137,
        0.09116967861916034,
        0.021523860465710747,
        0.003093030684489177,
        0.007935756338243302,
        0.0003109989456768756,
        0.03950787201197756,
        0.0980795789553397,
        0.029260521432619844
    ],
    "obs_m2": [
        41138.104238703236,
        1209.9347411651693,
        9346.902946617049,
        172115.46008526787,
        169886.71121402376,
        169529.81338464422,
        1950.5662226457785,
        4873.278518994027,
        1442.729813985686,
        1761.9596055600966,
        4673.993067755973,
        1324.8967788419932,
        1622.2125869944364,
        4558.575100636636,
        1076.214547146003,
        154.65462725514334,
        396.7957526685033,
        15.550258282789459,
        1975.4331084708897,
        4904.07702734594,
        1463.0553321524249
    ]
}